Country Name,Country Code,2010,2011,2012,2013,2014,2015,2016,2017,2018
Austria,AUT,4,5,5,4,4,4,4,4,4
Belgium,BEL,71,71,65,62,63,55,56,55,55
Bulgaria,BGR,4,3,3,3,4,4,3,4,4
Croatia,HRV,2,2,2,2,2,2,2,2,2
Cyprus,CYP,2,1,1,1,1,1,1,1,1
Czechia,CZE,5,5,5,5,5,5,5,4,5
Denmark,DNK,3,3,3,3,3,3,3,3,3
Estonia,EST,1,1,1,1,1,1,1,1,1
Finland,FIN,4,4,3,3,3,3,3,3,3
France,FRA,36,35,35,35,36,36,36,35,35
Germany,DEU,17,17,17,16,16,16,17,17,16
Greece,GRC,1,1,2,1,1,2,1,1,1
Hungary,HUN,15,14,14,14,14,13,14,14,14
Ireland,IRL,8,8,7,7,7,7,8,8,9
Italy,ITA,11,12,12,11,11,11,11,11,11
Latvia,LVA,6,6,7,2,3,3,3,3,3
Lithuania,LTU,1,1,1,1,1,1,1,1,1
Luxembourg,LUX,12,13,13,13,13,11,10,10,10
Malta,MLT,4,4,4,5,4,4,4,4,4
Netherlands,NLD,4,4,4,3,3,3,3,3,3
Poland,POL,3,3,3,2,2,2,2,2,2
Portugal,PRT,1,1,1,1,1,0,1,1,1
Romania,ROU,6,6,9,9,1,0,0,0,0
Slovakia,SVK,4,4,4,4,4,3,3,3,3
Slovenia,SVN,11,10,10,9,8,7,7,7,7
Spain,ESP,5,4,4,4,4,6,4,4,4
Sweden,SWE,6,6,6,5,5,5,5,5,5
United Kingdom,GBR,60,54,50,51,58,67,72,78,83
